{"count":1,"self":98.0994944,"total":288.74878839999997,"children":{"AgentSendState":{"count":39167,"self":16.066496,"total":36.3054037,"children":{"CollectObservations":{"count":501376,"self":4.2395936,"total":4.2395938,"children":null},"CollectDiscreteActionMasks":{"count":501376,"self":2.8987705999999998,"total":2.8987705999999998,"children":null},"AgentInfo.ToProto":{"count":501376,"self":7.5114111999999995,"total":13.100542599999999,"children":{"GenerateSensorData":{"count":501376,"self":5.5891316,"total":5.5891316,"children":null}}}}},"DecideAction":{"count":39167,"self":140.6127232,"total":140.61271729999999,"children":null},"AgentAct":{"count":39167,"self":12.945113599999999,"total":13.7291755,"children":{"AgentInfo.ToProto":{"count":21226,"self":0.39165829999999996,"total":0.78406199999999993,"children":{"GenerateSensorData":{"count":21226,"self":0.39240369999999997,"total":0.39240369999999997,"children":null}}}}}},"gauges":{"My Behavior.CumulativeReward":{"count":21226,"max":8.700001,"min":0.100000165,"runningAverage":1.33714044,"value":2.59999871,"weightedAverage":1.665001}},"metadata":{"timer_format_version":"0.1.0","start_time_seconds":"1595795005","unity_version":"2019.3.10f1","command_line_arguments":"C:\\Program Files\\2019.3.10f1\\Editor\\Unity.exe -projectpath C:\/Users\/pcher\/Documents\/VR\/RockPaperScissors -useHub -hubIPC -cloudEnvironment production -hubSessionId 5909c3c0-ce27-11ea-9848-2b70aae47c39 -accessToken zKU382kbkYOuUTkABEZuTDrh95ldpdF6aHnxTSAruxU002f","communication_protocol_version":"1.0.0","com.unity.ml-agents_version":"1.0.3","scene_name":"ML-Test","end_time_seconds":"1595795293"}}